step,time,newton_iterations,increment_inf,residual_inf,L2_velocity,L2_pressure,L2_F,energy,min_det_F,log_energy,divergence_L2,weak_divergence_inf,energy_balance_residual,elapsed_seconds
0,0,0,0,0,2.577724153813325e-06,0.3333333333333331,0.006924093567957877,1.006928031484223,0.9678933009991463,0.006975253997062924,0.0002394871894490495,1.135444965446446e-19,0,0.040687375
1,0.005,3,4.095332806531898e-15,8.326672684688674e-17,7.341086792451903e-05,0.001196035293366309,0.006972261131941359,1.006737963751929,0.9687797798672609,0.006777194083860507,0.004842537026216545,1.703853380278311e-19,-6.877408316016907e-16,0.340189041
2,0.01,3,5.011095259449664e-15,6.938893903907228e-17,0.0001246119907805271,0.001701924729415763,0.007174540527143315,1.006555850241456,0.9695020442952431,0.006582935919083038,0.004851806759203634,1.711636850716997e-19,-7.662941672306411e-16,0.642211875
3,0.015,3,4.728621844937169e-15,8.326672684688674e-17,0.0001817048944115012,0.002316537979803183,0.007508355577188506,1.006381430775416,0.9702244902624014,0.00639239126274096,0.00477949338150122,1.733288182362515e-19,-6.089946053962997e-16,0.945387416
4,0.02,3,4.378136679126824e-15,8.326672684688674e-17,0.0002400775798273715,0.002967056397977016,0.007948065878317,1.006214431845561,0.9709457912058435,0.006205474577416795,0.00470871044445921,1.472711948507232e-19,8.503222790836292e-16,1.248818833
5,0.025,3,6.337554313560337e-15,6.938893903907228e-17,0.0002981659684751449,0.003624888583990167,0.008469111547278713,1.006054582564181,0.971664756604983,0.006022102966555332,0.004640885515656774,5.003986744665577e-20,1.136999360132912e-15,1.552600333
6,0.03,3,4.748839736210795e-15,8.326672684688674e-17,0.0003553880883299453,0.004278999108435038,0.009050287098576278,1.005901619187325,0.9723803181615767,0.005842196085863536,0.004575944256701434,9.77917745697179e-20,3.013002729928162e-15,1.856362083
7,0.035,3,4.332570517728349e-15,7.430850639672526e-17,0.0004115026376825255,0.004924708113959947,0.009674405893008988,1.0057552865007,0.9730915193706722,0.005665676041026651,0.004513785679516194,4.25473283596992e-20,-6.549307176123309e-17,2.158954458
8,0.04,3,3.802339491113818e-15,6.938893903907228e-17,0.0004664050090619018,0.005559861053415869,0.01032804294712503,1.005615338107354,0.9737975061921165,0.005492467285743428,0.004454311979530765,3.955980613980037e-20,8.903561365879766e-16,2.462057166
9,0.045,3,3.423929357777405e-15,6.938893903907228e-17,0.000520051963916676,0.006183414855455635,0.01100091760833111,1.00548153632469,0.9744975182858902,0.005322496524718527,0.004397428626057573,5.663761647305363e-20,3.195360876947604e-17,2.768699125
10,0.05,3,4.220548213095973e-15,9.71445146547012e-17,0.0005724304074918084,0.006794863204993295,0.01168522895466158,1.005353651944376,0.9751908809411499,0.005155692622606941,0.004343043829502719,1.117851195134434e-19,6.119011287635198e-16,3.07252375
11,0.055,3,3.045466041558172e-15,8.351067233569598e-17,0.0006235431296698037,0.007393980966277521,0.01237507423039052,1.005231463948329,0.9758769976522468,0.004991986518724081,0.004291068177759205,1.473575579372611e-19,-2.912148871962338e-16,3.375806208
12,0.06,3,4.246683297046406e-15,8.326672684688674e-17,0.0006734017268986598,0.007980700805434919,0.01306598382635991,1.005114759214549,0.9765553432963909,0.004831311147012072,0.004241414409299103,5.242145941322676e-20,1.115627019353754e-16,3.67907775
13,0.065,3,3.166958244787836e-15,7.814641268073449e-17,0.0007220228341507602,0.008555049027581739,0.01375456549698206,1.005003332226752,0.9772254578692825,0.004673601360718803,0.004193997268849906,6.408522303858031e-20,5.161473917945699e-16,3.981530083
14,0.07000000000000001,3,2.569423594268023e-15,7.693769666500261e-17,0.0007694260030499198,0.009117109921877423,0.01443823789141777,1.004896984792189,0.9778869407370032,0.004518793861295255,0.004148733412030243,1.546008963427601e-19,1.968637545653983e-15,4.284641041
15,0.075,3,2.587110463993767e-15,6.938893903907228e-17,0.00081563245371132,0.009667004775176638,0.0151150327172799,1.00479552576982,0.9785394453646716,0.004366827131085067,0.004105541340535931,3.578404097311148e-20,1.085127963787224e-15,4.58796225
16,0.08,3,1.797272644098019e-15,7.62465177800431e-17,0.000860664315687045,0.01020487890461662,0.0157834480775545,1.004698770809059,0.9791826744846546,0.004217641369443004,0.004064341357803576,2.385403432541075e-19,-5.870719765013837e-16,4.893834833
17,0.08500000000000001,3,2.25022453179487e-15,7.944491418887534e-17,0.000904544154560374,0.01073089331783215,0.01644233943766427,1.004606542099255,0.979816375669474,0.004071178431975707,0.004025055539291509,1.219919619610922e-19,-1.380447423622403e-15,5.1973865
18,0.09,3,3.762146927650303e-15,6.724763974841341e-17,0.0009472946710331699,0.0112452191733128,0.01709083813293975,1.004518668129274,0.9804403372768699,0.003927381772642014,0.003987607713630771,1.961506492875279e-19,1.665854852975003e-15,5.5012535
19,0.095,3,2.848827343890599e-15,8.326672684688674e-17,0.0009889385069946849,0.01174803400538133,0.01772829004445192,1.004434983457059,0.9810543847367601,0.003786196388488817,0.003951923451999154,2.235223350811518e-19,8.462756032758442e-17,5.805270583
20,0.1,3,2.266182058750977e-15,7.605678239985814e-17,0.001029498119414797,0.01223951909997064,0.0183542091010131,1.004355328488538,0.981658377152038,0.00364756876682816,0.003917930063689529,5.373020918839468e-20,-9.211165116621367e-16,6.110937458
